name,purpose
Eaton-Payne,Synergistic homogeneous moratorium for empower global experiences
Hayes Group,Front-line clear-thinking open architecture for deploy transparent portals
"Compton, Zamora and Roberts",Open-source leadingedge solution for whiteboard B2C platforms
"Johnson, Dalton and Wells",Balanced neutral forecast for leverage extensible bandwidth
Ward PLC,Future-proofed neutral approach for unleash seamless interfaces
Walker-Wise,Programmable 4thgeneration database for whiteboard cross-media niches
Hill-Kim,Visionary discrete infrastructure for enhance leading-edge paradigms
"Ramos, Jensen and Nielsen",Upgradable modular initiative for extend leading-edge models
Little LLC,Object-based background portal for utilize next-generation e-tailers
Little-Cunningham,Automated clear-thinking budgetary management for re-contextualize global communities
"Kelly, Walker and Sanchez",Team-oriented bi-directional database for cultivate bricks-and-clicks metrics
"Carrillo, Stark and Rollins",Enhanced holistic product for reinvent distributed e-markets
Miller and Sons,Multi-lateral neutral help-desk for incubate frictionless niches
Rodriguez Ltd,Synergized real-time standardization for reinvent intuitive synergies
"Livingston, Cook and Cervantes",Diverse contextually-based conglomeration for productize revolutionary info-mediaries
Evans PLC,Synergized optimal leverage for grow synergistic action-items
"Alvarez, Reyes and Caldwell",Total background productivity for orchestrate ubiquitous relationships
"King, Austin and Hall",Decentralized local moderator for implement integrated schemas
Cox-Brown,Re-engineered radical moderator for architect proactive content
"Ayers, Underwood and Brown",Persistent executive budgetary management for extend killer networks
Ortiz-Bailey,Innovative systemic artificial intelligence for engineer 24/365 models
"Wheeler, Hull and Alvarado",Digitized uniform ability for scale transparent solutions
Mccormick-Trevino,Stand-alone well-modulated monitoring for reinvent plug-and-play schemas
Bass Group,Automated motivating policy for visualize intuitive solutions
Mccann Ltd,Cross-group systemic flexibility for engage next-generation niches
"Shaw, Rivas and Garcia",Configurable needs-based throughput for synthesize revolutionary eyeballs
Rivers-Underwood,Secured 24hour solution for monetize magnetic info-mediaries
Kelly-Lopez,Re-contextualized stable moderator for monetize integrated synergies
"Cooper, Lawson and Carrillo",User-friendly global leverage for whiteboard turn-key solutions
Torres-Davis,Public-key needs-based help-desk for benchmark B2B e-tailers
"Prince, Webster and Miller",Assimilated optimizing Internet solution for monetize cutting-edge users
Shelton-Burns,Organic static instruction set for redefine distributed web services
Jones LLC,Team-oriented background website for innovate best-of-breed action-items
Flores-Cook,Fully-configurable transitional product for innovate turn-key deliverables
"Mitchell, Levy and Mccormick",Customer-focused intermediate adapter for whiteboard real-time systems
Smith-Berry,Polarized heuristic Local Area Network for integrate visionary info-mediaries
Stephenson Inc,Synchronized system-worthy instruction set for matrix cross-media niches
"Rodriguez, Medina and Wilkinson",Customer-focused bandwidth-monitored policy for re-contextualize turn-key models
"Combs, Gutierrez and Logan",Advanced 5thgeneration infrastructure for deploy distributed supply-chains
"Patel, Brandt and Gray",Team-oriented needs-based instruction set for scale seamless models
Romero PLC,Sharable cohesive access for orchestrate open-source ROI
"Phillips, Brown and Maxwell",Future-proofed national extranet for reinvent cutting-edge users
"Smith, Davis and Holt",Managed asynchronous portal for matrix world-class functionalities
Nash LLC,Ergonomic system-worthy knowledge user for transform innovative vortals
Mccullough-Jones,Intuitive mobile approach for maximize revolutionary functionalities
Bartlett-Myers,Right-sized composite website for architect magnetic markets
May-Ramirez,Public-key encompassing protocol for cultivate seamless web services
"Shields, Jones and Ford",Down-sized demand-driven hub for strategize e-business bandwidth
Johnson LLC,Total intermediate monitoring for integrate customized info-mediaries
"Escobar, Ferguson and Molina",Optional coherent firmware for harness scalable portals
