Company Name,Company Purpose
 Ramsey LLC, Customizable zero administration monitoring for maximize revolutionary channels
" Smith, Walker and Bernard", Automated systemic hub for drive mission-critical e-tailers
" Shaw, Taylor and Williams", Devolved neutral implementation for seize end-to-end architectures
 Jackson-Pugh, Universal empowering moderator for maximize magnetic relationships
 Moore Ltd, Ergonomic client-server forecast for expedite intuitive e-markets
 Lara-Harrison, Sharable intermediate extranet for drive real-time relationships
" Russell, Jones and Lopez", Automated solution-oriented core for syndicate intuitive deliverables
 Brown-Smith, Customizable foreground archive for unleash killer functionalities
" Mendoza, Phelps and Rose", Enterprise-wide bottom-line flexibility for optimize ubiquitous vortals
 Delacruz PLC, Triple-buffered non-volatile moratorium for repurpose extensible infrastructures
" Valentine, Ramirez and York", Implemented encompassing hub for re-contextualize seamless applications
 Ward-Davis, Business-focused system-worthy array for repurpose mission-critical relationships
" Rogers, Mayer and Rivera", Adaptive systematic complexity for innovate holistic action-items
" Maldonado, Franco and Underwood", Digitized attitude-oriented function for seize world-class info-mediaries
" Torres, Ramirez and Smith", Monitored leadingedge emulation for mesh rich mindshare
" Smith, Bailey and Forbes", Versatile 5thgeneration customer loyalty for disintermediate 24/7 channels
 Sheppard-Craig, Grass-roots non-volatile algorithm for iterate plug-and-play schemas
 Turner Ltd, Compatible value-added standardization for re-contextualize cross-platform eyeballs
 Arnold-Alexander, Sharable composite access for mesh one-to-one interfaces
 Crosby-Hughes, Exclusive human-resource circuit for embrace open-source e-commerce
" Terry, Ortiz and Williams", Assimilated didactic parallelism for incubate bricks-and-clicks bandwidth
 Alvarez-Lawson, Total background challenge for reinvent B2B e-tailers
 Rodriguez-White, Ergonomic homogeneous attitude for repurpose compelling content
 House-Webb, Exclusive cohesive secured line for orchestrate transparent info-mediaries
 Watson and Sons, Cross-group contextually-based knowledgebase for facilitate one-to-one web-readiness
 Wood-Nolan, Monitored object-oriented groupware for harness cross-media networks
" Howell, Jacobs and Moreno", Up-sized explicit capacity for engineer wireless experiences
 Richards-Smith, Horizontal local interface for monetize impactful niches
 Sharp-Richards, Re-contextualized attitude-oriented portal for brand synergistic platforms
 Cook and Sons, Future-proofed discrete throughput for seize scalable e-tailers
" Clark, Miller and Thomas", Up-sized 24hour process improvement for maximize 24/7 info-mediaries
" Herman, Cohen and Miles", Pre-emptive responsive forecast for transform magnetic channels
" Phillips, Esparza and Rowland", Synergized impactful interface for scale sticky interfaces
 Morales-Diaz, Re-contextualized cohesive approach for e-enable real-time interfaces
 Brown-James, Networked non-volatile migration for maximize compelling solutions
" Sutton, Banks and Wood", Synergistic multimedia support for seize holistic e-markets
" Gibson, Haas and Brown", Down-sized context-sensitive knowledgebase for syndicate scalable niches
 Cortez LLC, Versatile secondary pricing structure for unleash magnetic technologies
" Cuevas, Davis and Robinson", Optional cohesive monitoring for synergize killer initiatives
 Miller-Davis, Universal secondary Graphical User Interface for disintermediate impactful interfaces
 Rich-Copeland, Re-engineered neutral infrastructure for expedite best-of-breed communities
 Cannon-Henry, Reactive homogeneous matrices for orchestrate granular web services
 Wheeler-Sawyer, Adaptive actuating encoding for re-contextualize innovative web-readiness
 Gates-Martin, Optimized didactic monitoring for optimize revolutionary infrastructures
" Thompson, Allen and Snyder", Distributed actuating groupware for integrate revolutionary architectures
 Webb-Williams, Streamlined demand-driven migration for repurpose user-centric e-markets
 Wall Inc, Intuitive regional website for transition seamless networks
 Morgan PLC, Down-sized homogeneous flexibility for grow proactive markets
 Moore and Sons, Distributed bifurcated monitoring for drive bleeding-edge supply-chains
" Little, Johnson and Brown", Programmable impactful help-desk for matrix front-end action-items
Eaton-Payne,Synergistic homogeneous moratorium for empower global experiences
Hayes Group,Front-line clear-thinking open architecture for deploy transparent portals
"Compton, Zamora and Roberts",Open-source leadingedge solution for whiteboard B2C platforms
"Johnson, Dalton and Wells",Balanced neutral forecast for leverage extensible bandwidth
Ward PLC,Future-proofed neutral approach for unleash seamless interfaces
Walker-Wise,Programmable 4thgeneration database for whiteboard cross-media niches
Hill-Kim,Visionary discrete infrastructure for enhance leading-edge paradigms
"Ramos, Jensen and Nielsen",Upgradable modular initiative for extend leading-edge models
Little LLC,Object-based background portal for utilize next-generation e-tailers
Little-Cunningham,Automated clear-thinking budgetary management for re-contextualize global communities
"Kelly, Walker and Sanchez",Team-oriented bi-directional database for cultivate bricks-and-clicks metrics
"Carrillo, Stark and Rollins",Enhanced holistic product for reinvent distributed e-markets
Miller and Sons,Multi-lateral neutral help-desk for incubate frictionless niches
Rodriguez Ltd,Synergized real-time standardization for reinvent intuitive synergies
"Livingston, Cook and Cervantes",Diverse contextually-based conglomeration for productize revolutionary info-mediaries
Evans PLC,Synergized optimal leverage for grow synergistic action-items
"Alvarez, Reyes and Caldwell",Total background productivity for orchestrate ubiquitous relationships
"King, Austin and Hall",Decentralized local moderator for implement integrated schemas
Cox-Brown,Re-engineered radical moderator for architect proactive content
"Ayers, Underwood and Brown",Persistent executive budgetary management for extend killer networks
Ortiz-Bailey,Innovative systemic artificial intelligence for engineer 24/365 models
"Wheeler, Hull and Alvarado",Digitized uniform ability for scale transparent solutions
Mccormick-Trevino,Stand-alone well-modulated monitoring for reinvent plug-and-play schemas
Bass Group,Automated motivating policy for visualize intuitive solutions
Mccann Ltd,Cross-group systemic flexibility for engage next-generation niches
"Shaw, Rivas and Garcia",Configurable needs-based throughput for synthesize revolutionary eyeballs
Rivers-Underwood,Secured 24hour solution for monetize magnetic info-mediaries
Kelly-Lopez,Re-contextualized stable moderator for monetize integrated synergies
"Cooper, Lawson and Carrillo",User-friendly global leverage for whiteboard turn-key solutions
Torres-Davis,Public-key needs-based help-desk for benchmark B2B e-tailers
"Prince, Webster and Miller",Assimilated optimizing Internet solution for monetize cutting-edge users
Shelton-Burns,Organic static instruction set for redefine distributed web services
Jones LLC,Team-oriented background website for innovate best-of-breed action-items
Flores-Cook,Fully-configurable transitional product for innovate turn-key deliverables
"Mitchell, Levy and Mccormick",Customer-focused intermediate adapter for whiteboard real-time systems
Smith-Berry,Polarized heuristic Local Area Network for integrate visionary info-mediaries
Stephenson Inc,Synchronized system-worthy instruction set for matrix cross-media niches
"Rodriguez, Medina and Wilkinson",Customer-focused bandwidth-monitored policy for re-contextualize turn-key models
"Combs, Gutierrez and Logan",Advanced 5thgeneration infrastructure for deploy distributed supply-chains
"Patel, Brandt and Gray",Team-oriented needs-based instruction set for scale seamless models
Romero PLC,Sharable cohesive access for orchestrate open-source ROI
"Phillips, Brown and Maxwell",Future-proofed national extranet for reinvent cutting-edge users
"Smith, Davis and Holt",Managed asynchronous portal for matrix world-class functionalities
Nash LLC,Ergonomic system-worthy knowledge user for transform innovative vortals
Mccullough-Jones,Intuitive mobile approach for maximize revolutionary functionalities
Bartlett-Myers,Right-sized composite website for architect magnetic markets
May-Ramirez,Public-key encompassing protocol for cultivate seamless web services
"Shields, Jones and Ford",Down-sized demand-driven hub for strategize e-business bandwidth
Johnson LLC,Total intermediate monitoring for integrate customized info-mediaries
"Escobar, Ferguson and Molina",Optional coherent firmware for harness scalable portals
"Lawson, Johnson and Dodson",Synchronized human-resource archive for implement one-to-one experiences
Quinn-Gonzalez,Reverse-engineered executive utilization for repurpose 24/365 relationships
"Rivera, Riley and Velazquez",Self-enabling actuating standardization for extend dynamic content
"Campbell, Morales and Clark",Multi-layered secondary core for brand scalable action-items
Pena-Conley,Up-sized fault-tolerant adapter for productize turn-key e-commerce
Powell-Cook,Seamless object-oriented implementation for revolutionize one-to-one users
Ortega-Hammond,Innovative system-worthy concept for envisioneer 24/7 web-readiness
Cross-Perez,Synergistic holistic frame for transform distributed partnerships
Hill LLC,Optimized dedicated emulation for implement open-source channels
Wagner-Beltran,Fully-configurable scalable neural-net for utilize rich solutions
Snow and Sons,Triple-buffered real-time time-frame for utilize plug-and-play bandwidth
"Sparks, Steele and Alvarez",Intuitive explicit website for extend virtual mindshare
Shelton-Beard,Self-enabling optimal Internet solution for iterate cross-platform networks
"Foster, Taylor and Buckley",Visionary 4thgeneration initiative for aggregate 24/7 methodologies
Frye-Paul,Multi-layered object-oriented Graphic Interface for repurpose revolutionary bandwidth
Moore-Hernandez,Reverse-engineered fresh-thinking interface for optimize out-of-the-box applications
"Scott, Cole and Nielsen",Optional next generation methodology for disintermediate dot-com communities
Young and Sons,Adaptive grid-enabled analyzer for seize seamless markets
"Owens, Brooks and Perkins",Universal explicit capability for grow customized e-commerce
Bowen Ltd,Switchable 6thgeneration productivity for aggregate wireless relationships
"Spears, Garner and Warren",Polarized optimal approach for expedite global systems
Brooks-Jennings,Team-oriented multimedia system engine for streamline cross-media e-commerce
Wiley-Hernandez,Reverse-engineered intangible project for e-enable web-enabled synergies
Ball-Mahoney,De-engineered systematic Internet solution for morph dot-com interfaces
"Watson, Garcia and Vega",Vision-oriented exuding approach for deploy B2B convergence
Nixon Inc,Face-to-face demand-driven productivity for brand scalable paradigms
Lewis-Lewis,Universal composite benchmark for scale front-end info-mediaries
Welch-Hurst,Intuitive discrete throughput for productize dynamic users
Barron LLC,Customer-focused exuding task-force for synthesize innovative e-commerce
Lopez-Jones,Switchable grid-enabled challenge for optimize ubiquitous methodologies
"Robertson, Jones and Jacobs",Cross-group bottom-line firmware for integrate revolutionary e-business
Livingston LLC,Total real-time Graphical User Interface for cultivate turn-key platforms
Phillips and Sons,De-engineered solution-oriented parallelism for streamline sticky convergence
Garcia-Morton,Cross-group actuating strategy for reinvent front-end vortals
Bennett and Sons,Up-sized transitional toolset for morph transparent niches
Scott-Gallagher,Profit-focused multi-state project for target B2B initiatives
Murphy-Hill,Multi-channeled zero-defect definition for aggregate global vortals
Williams-Mcclain,Automated radical definition for synthesize wireless networks
"Mitchell, Holloway and Ware",Face-to-face logistical firmware for incubate real-time users
"Salas, Nichols and Watkins",Implemented cohesive database for target open-source ROI
Fisher Inc,Assimilated zero administration open system for productize intuitive interfaces
Young-Johnson,Pre-emptive intangible project for iterate ubiquitous infrastructures
"Cooke, Norton and Roberts",Innovative disintermediate framework for evolve interactive communities
Leon-Mckinney,Balanced intermediate info-mediaries for harness sticky convergence
Wallace PLC,Versatile tertiary challenge for expedite bleeding-edge markets
Owens-Bryan,Assimilated national open system for deploy magnetic action-items
"Johnson, Green and Rodgers",Ameliorated composite paradigm for engage out-of-the-box users
Lopez-Schmidt,Managed asynchronous encryption for matrix granular niches
Patton-Kim,User-friendly full-range service-desk for grow frictionless eyeballs
"Blake, Hughes and Clay",Team-oriented motivating middleware for synergize intuitive users
 Sanchez-Jimenez, Ergonomic tangible info-mediaries for syndicate strategic mindshare
 Ortiz Group, Streamlined national monitoring for matrix granular channels
" Kline, Anderson and Miller", Optional clear-thinking concept for e-enable 24/365 web-readiness
 Norton PLC, Function-based stable attitude for envisioneer killer web services
 Carter-Johnson, Grass-roots modular methodology for e-enable back-end methodologies
 Beltran-Mendoza, Re-contextualized background groupware for cultivate bricks-and-clicks solutions
 Sanchez-Reed, Robust tertiary moderator for repurpose collaborative functionalities
" Watkins, Spencer and Parsons", Polarized dedicated protocol for reinvent visionary communities
 James-Montgomery, Self-enabling exuding application for benchmark clicks-and-mortar paradigms
" Murphy, Morgan and Thompson", Quality-focused bifurcated installation for extend killer infrastructures
 Hart-Nixon, Switchable national collaboration for benchmark transparent platforms
 Thomas-Perkins, Extended content-based array for re-intermediate sticky e-tailers
 Woods Group, Secured full-range extranet for extend real-time mindshare
" Brown, Griffin and Zuniga", Quality-focused impactful flexibility for seize 24/365 e-commerce
 Gray-Aguilar, Virtual fresh-thinking collaboration for implement clicks-and-mortar functionalities
 Petty and Sons, Organized dynamic software for empower innovative solutions
" Guerrero, Aguilar and Rivers", Ameliorated secondary website for envisioneer holistic architectures
 Tucker-Ruiz, Pre-emptive explicit conglomeration for deploy granular niches
" Martinez, Mays and Jones", Pre-emptive static protocol for re-intermediate wireless channels
 Jordan Inc, Object-based asymmetric knowledge user for morph front-end synergies
" Sanchez, Garcia and Jordan", Expanded transitional service-desk for benchmark wireless channels
 Russell and Sons, Ergonomic mobile architecture for embrace turn-key experiences
" Carey, Nelson and Webb", Exclusive next generation contingency for re-contextualize impactful functionalities
 Adkins Ltd, Horizontal 24/7 approach for generate open-source paradigms
" Ochoa, Schmidt and Haney", Synchronized cohesive paradigm for deliver customized e-services
 Wallace PLC, Expanded systematic architecture for productize innovative e-services
 Sanders-Phillips, De-engineered zero administration ability for enhance visionary schemas
 Salinas Group, Optional eco-centric neural-net for embrace e-business technologies
 Soto-Shaw, Switchable bandwidth-monitored paradigm for unleash open-source applications
 Tran Ltd, Virtual executive service-desk for generate world-class channels
 Richardson Group, Progressive upward-trending monitoring for incubate strategic solutions
 Wilson Ltd, Persistent bi-directional time-frame for whiteboard 24/7 schemas
" Tran, Rodriguez and Cole", Persevering system-worthy hierarchy for whiteboard end-to-end niches
 Howard-Terry, Pre-emptive even-keeled strategy for implement extensible e-business
 Hickman-Webb, Assimilated solution-oriented protocol for grow dot-com methodologies
 Harris Ltd, Compatible radical interface for engineer compelling systems
" Johnson, Andersen and Joseph", Phased systematic portal for transition best-of-breed action-items
 Ramirez-Romero, User-centric secondary hardware for envisioneer out-of-the-box content
" Thompson, Conway and Grimes", De-engineered mobile support for iterate world-class paradigms
 Collins-Jones, Triple-buffered optimal ability for re-intermediate interactive e-business
 James Group, Distributed optimizing initiative for redefine e-business supply-chains
 Burns-Thompson, Front-line fault-tolerant Internet solution for grow compelling e-services
" Carter, Miranda and Curtis", Reduced hybrid Internet solution for envisioneer viral portals
 Parker-Sheppard, Enhanced upward-trending website for e-enable B2B architectures
 Hansen-Glover, Pre-emptive global circuit for integrate turn-key architectures
" Banks, Sanchez and Smith", Function-based asymmetric installation for strategize clicks-and-mortar eyeballs
 Ali and Sons, Focused motivating Local Area Network for incubate clicks-and-mortar solutions
 Cooley Ltd, Profound reciprocal methodology for embrace bricks-and-clicks channels
 Kelly-Barnes, Re-engineered static workforce for enable interactive architectures
 Graham PLC, Quality-focused attitude-oriented Local Area Network for brand frictionless e-tailers
Ramirez Group,Total client-driven artificial intelligence for streamline value-added action-items
Garcia-Reynolds,Total didactic encryption for streamline clicks-and-mortar initiatives
Neal-Kaufman,Up-sized even-keeled intranet for strategize transparent e-business
"Davis, Dunlap and Mitchell",Profound cohesive algorithm for synergize B2B architectures
"Dixon, Nixon and Williams",Future-proofed multi-state frame for re-contextualize holistic convergence
Hall Ltd,Visionary bi-directional info-mediaries for synthesize customized communities
Juarez-Hernandez,Operative real-time Internet solution for engage impactful info-mediaries
Nelson Ltd,Optimized foreground open architecture for implement robust info-mediaries
Henderson and Sons,Integrated 5thgeneration hub for synthesize web-enabled content
Caldwell-Baldwin,Universal even-keeled framework for iterate impactful ROI
Sanders Ltd,Configurable asynchronous functionalities for strategize extensible networks
Jones Inc,Realigned interactive frame for redefine B2C metrics
"Bauer, Williamson and Padilla",Versatile discrete project for envisioneer intuitive platforms
"Peterson, Alvarez and Lee",Fully-configurable mobile strategy for productize viral architectures
"Scott, Deleon and Bennett",Devolved leadingedge system engine for re-contextualize global vortals
Woods-Smith,Ameliorated global structure for scale e-business platforms
Castaneda PLC,Cloned system-worthy time-frame for incubate bricks-and-clicks e-services
White Ltd,Grass-roots explicit secured line for monetize cross-platform content
Li and Sons,Persevering directional encoding for brand e-business ROI
Ashley PLC,Compatible intangible hierarchy for evolve distributed e-markets
Luna-Jackson,Focused reciprocal model for reinvent bleeding-edge supply-chains
"Stewart, Garcia and Arnold",Fully-configurable grid-enabled groupware for synthesize global systems
Jones Ltd,De-engineered multi-state projection for enable integrated functionalities
Mccoy and Sons,Grass-roots empowering capacity for synthesize intuitive functionalities
"Allen, Parker and Sullivan",Assimilated multi-state structure for integrate global functionalities
Holmes-Torres,Self-enabling disintermediate product for repurpose scalable methodologies
"Villanueva, Massey and Allen",Right-sized contextually-based conglomeration for strategize real-time experiences
Norris-Harrison,User-centric context-sensitive website for innovate visionary deliverables
"Lewis, Newton and Sanders",Digitized fault-tolerant paradigm for enhance cutting-edge eyeballs
"Price, Jackson and Clark",Intuitive zero-defect installation for extend plug-and-play supply-chains
"Lee, Friedman and Keith",Organic context-sensitive core for productize magnetic synergies
"Harrison, Davis and Sims",Customer-focused regional intranet for facilitate granular e-business
Patterson-Fox,Right-sized reciprocal protocol for incentivize sticky partnerships
Chavez Group,Balanced stable algorithm for disintermediate clicks-and-mortar relationships
"Taylor, Riley and Williams",Organic holistic forecast for re-intermediate revolutionary initiatives
"Griffin, Anderson and Moody",Visionary zero tolerance flexibility for envisioneer dot-com supply-chains
"Johnson, Zamora and Miller",Synchronized clear-thinking productivity for syndicate back-end info-mediaries
Lee-Owens,Profit-focused grid-enabled process improvement for incentivize world-class solutions
Meyer PLC,Face-to-face impactful contingency for innovate front-end eyeballs
Molina Group,Decentralized background process improvement for monetize enterprise platforms
"Davis, Carr and Watkins",Stand-alone incremental system engine for generate 24/7 vortals
"Morris, Barker and Lawrence",Persistent disintermediate throughput for brand ubiquitous portals
"Martinez, Sanford and Fernandez",Assimilated responsive concept for morph plug-and-play supply-chains
Keller Group,Fundamental hybrid portal for strategize synergistic paradigms
Howard-Morrison,Diverse empowering info-mediaries for brand extensible platforms
Horton LLC,Innovative real-time orchestration for architect interactive applications
Ware-Holmes,Exclusive neutral migration for re-contextualize world-class convergence
"Martin, Arnold and Oconnell",Object-based object-oriented secured line for empower clicks-and-mortar interfaces
"Jimenez, Johnson and Fleming",Business-focused bandwidth-monitored structure for re-contextualize one-to-one methodologies
Wilcox-Robertson,Reduced disintermediate array for transition magnetic metrics
